date,Hyle Alpha I,SPY,QQQ
2021-05-12,1.0,,
2021-05-13,1.0,1.012012530524654,1.007731389441131
2021-05-14,1.0,1.02755235440665,1.0299788570166306
2021-05-17,1.0,1.0249377173725365,1.023730632080533
2021-05-18,1.0,1.0161071507856245,1.0168197166209099
2021-05-19,1.0,1.0134431809772824,1.0179873142099785
2021-05-20,1.0,1.024345724081794,1.0376786897661652
2021-05-21,1.0,1.0235070669199084,1.0319353718956108
2021-05-24,1.0,1.0339409486692486,1.0492915522736599
2021-05-25,1.0,1.0316469746676207,1.0507431600870967
2021-05-26,1.0,1.0336942847981059,1.0544037363122851
2021-05-27,1.0,1.03423694531462,1.0504591498627285
2021-05-28,1.0,1.036086924348191,1.0537726024803562
2021-06-01,1.0,1.0351742680249625,1.05026980971315
2021-06-02,1.0,1.0368022495745048,1.0523209946669196
2021-06-03,1.0,1.0329542931846774,1.0413708226829503
2021-06-04,1.0,1.0424015194494465,1.059042569976964
2021-06-07,1.0,1.0413901975777609,1.0621982391366094
2021-06-08,1.0,1.0416121950617894,1.0627031462021526
2021-06-09,1.0,1.0400582126735898,1.0629555997349243
2021-06-10,1.0,1.0448928245479887,1.0740319984852795
2021-06-11,1.0,1.0466194716459882,1.0768405440373638
2021-06-14,1.0,1.0489627784218447,1.087159582189404
2021-06-15,1.0,1.0470388002269309,1.080059326580202
2021-06-16,1.0,1.0411928664808467,1.0761147401306455
2021-06-17,1.0,1.0408475370612469,1.0897787875919096
2021-06-18,1.0,1.0234577341456799,1.081226924169271
2021-06-21,1.0,1.0381095680915617,1.0866862318154573
2021-06-22,1.0,1.0436595051922746,1.0968159298179188
2021-06-23,1.0,1.0424015194494463,1.0973523935750584
2021-06-24,1.0,1.0485681162280163,1.1041370822682959
2021-06-25,1.0,1.0522927406822724,1.1027801445296483
2021-06-28,1.0,1.0544140499741006,1.116191738458141
2021-06-29,1.0,1.054981376877729,1.1202309949824871
2021-06-30,1.0,1.055869366813843,1.1184638202530859
2021-07-01,1.0,1.0617153005599274,1.1189056139354363
2021-07-02,1.0,1.0698305419205254,1.1317491874151926
2021-07-06,1.0,1.0678818973384974,1.1366404746126428
2021-07-07,1.0,1.071655854566982,1.1390387831739732
2021-07-08,1.0,1.0629239535285273,1.1321594244059465
2021-07-09,1.0,1.0742704916010957,1.139228123323552
2021-07-12,1.0,1.0781184479909234,1.1436776168386518
2021-07-13,1.0,1.0744431563108958,1.1436776168386518
2021-07-14,1.0,1.076046471473324,1.1457288017924212
2021-07-15,1.0,1.0723711797932962,1.1376818454353257
2021-07-16,1.0,1.063959941787327,1.1284672914891616
2021-07-19,1.0,1.048247453195531,1.1192211808514008
2021-07-20,1.0,1.0632692829481272,1.1322225377891395
2021-07-21,1.0,1.0718778520510106,1.140963741361357
2021-07-22,1.0,1.0741224932784101,1.148505790652909
2021-07-23,1.0,1.0851730347056074,1.1619173845814015
2021-07-26,1.0,1.0878370045139496,1.1628325286376988
2021-07-27,1.0,1.0828790607039795,1.1500205118495388
2021-07-28,1.0,1.0824350657359225,1.1544384486730421
2021-07-29,1.0,1.0869243481907214,1.1564896336268116
2021-07-30,1.0,1.0816457413482656,1.150462305531889
2021-08-02,1.0,1.079376433733752,1.1505569756066785
2021-08-03,1.0,1.0881576675464355,1.1575310044494946
2021-08-04,1.0,1.082805061542637,1.1592035091041066
2021-08-05,1.0,1.0896623171604065,1.1665562182460805
2021-08-06,1.0,1.091462963419749,1.161444034207455
2021-08-09,1.0,1.090574973483635,1.1635898892360137
2021-08-10,1.0,1.0919316247749202,1.1576256745242839
2021-08-11,1.0,1.0946449273574907,1.1556376029537074
2021-08-12,1.0,1.0979255568436899,1.1598030862444393
2021-08-13,0.9994998333333334,1.0999235341999465,1.1638738994603819
2021-08-16,0.9962612036671565,1.1025135048469459,1.164378806525925
2021-08-17,0.9923748285154222,1.095286253422462,1.154122881757078
2021-08-18,0.9906542756671174,1.0832983892849224,1.1430149263151264
2021-08-19,0.9865755458651329,1.0849757036086933,1.1485373473445057
2021-08-20,0.9865569265445683,1.0936089390986912,1.1604342200763686
2021-08-23,0.9897575109769169,1.1032288300732602,1.177790400454418
2021-08-24,0.9962903447891645,1.1049801435583742,1.1813878632964134
2021-08-25,0.9967187226340236,1.1072987839471164,1.182744801035061
2021-08-26,0.9945894922996384,1.1007621913618322,1.1752343084351051
2021-08-27,1.001081190099286,1.1106040798204295,1.1866578307930213
2021-08-30,0.9997171651230774,1.115488024469057,1.1999747546467245
2021-08-31,0.998564160601574,1.1138353765324003,1.1989964972072344
2021-09-01,1.0026600918593442,1.114427369823143,1.2009845687778111
2021-09-02,1.0006941948661052,1.117855997632028,1.200416548329075
2021-09-03,1.003516964176008,1.1175846673737708,1.20410868124586
2021-09-07,1.0043478868481195,1.1135887126612576,1.2058127425920684
2021-09-08,1.0001017093656805,1.1122320613699723,1.20161570260974
2021-09-09,0.9976423542341476,1.1074714486569164,1.197481776010605
2021-09-10,1.00074773594013,1.0987395476184614,1.1883934488308263
2021-09-13,1.0037906567295665,1.101551515749489,1.1875729748493185
2021-09-14,1.0049773611528197,1.0956069164549478,1.184196408848498
2021-09-15,1.0051353493863655,1.1047581460743454,1.1930007258039084
2021-09-16,1.003285397452326,1.1030068325892317,1.1938211997854162
2021-09-17,0.9981958650150005,1.0887743272242925,1.1796838019502052
2021-09-20,0.9904371153425159,1.070619866308183,1.1540282116822889
2021-09-21,0.9943539175053212,1.0696085444364973,1.1554482628041294
2021-09-22,0.9966116167780095,1.0800424261858377,1.1662406513301165
2021-09-23,1.0045672857289436,1.0931649441306344,1.177001483164507
2021-09-24,0.9999907151814473,1.0949655903899767,1.1781059673703829
2021-09-27,1.0079655824176839,1.091832959226463,1.16870207327464
2021-09-28,1.0026620279264034,1.069830541920526,1.1356306604815571
2021-09-29,1.0006065384917007,1.0716311881798684,1.1337688156773664
2021-09-30,0.9979027613733176,1.058533336622186,1.1296033323866346
2021-10-01,0.9987678981281533,1.0711131940504686,1.1366089179210472
2021-10-04,0.9926577596209676,1.057300017266472,1.1127520590741287
2021-10-05,0.9983277948092808,1.0683012259194407,1.1277730442740403
2021-10-06,0.9980486811140378,1.072741175600011,1.1349995266496282
2021-10-07,0.9998448280255462,1.0820157371549801,1.1454132348764579
2021-10-08,0.9986856764053118,1.0800424261858377,1.1397014736974997
2021-10-11,0.998320399685507,1.0722231814706111,1.130960270125282
2021-10-12,0.9998092814707625,1.0695838780493834,1.1270156836757255
2021-10-13,0.9995463284505166,1.0734318344392109,1.136040897472311
2021-10-14,0.9977859953275855,1.0914876298068634,1.1569629840007596
2021-10-15,1.005768488070207,1.0998002022643756,1.1642525797595404
2021-10-18,1.0043956738012272,1.1030561653634605,1.1759601123418244
2021-10-19,1.004035083355136,1.111566068917887,1.1848590993720243
2021-10-20,1.0084250525871088,1.1159320194371145,1.183312821483798
2021-10-21,1.0058654094262405,1.1188426531165994,1.1905393038593857
2021-10-22,1.0034890011061106,1.1176833329222284,1.1805358326233102
2021-10-25,1.0049280542891421,1.1236772649909983,1.1926220455047516
2021-10-26,1.0075078964502227,1.1246885868626837,1.1963772918047293
2021-10-27,1.0057353274054341,1.1197059766655992,1.1991542806652173
2021-10-28,1.0064342236864083,1.1305098542216536,1.2124712045189205
2021-10-29,1.004316016608817,1.1328038282232817,1.2184354192306501
2021-11-01,1.01032238259884,1.1347524728053098,1.222600902521382
2021-11-02,1.010295533037059,1.1393404208085658,1.2277130865600074
2021-11-03,1.0123796857511966,1.1462963419747927,1.2407460001893424
2021-11-04,1.0112414007819945,1.15169828075282,1.256650572753955
2021-11-05,1.011033884708043,1.155694235465333,1.25784972703462
2021-11-08,1.0137239753585716,1.1566808909499042,1.2561456656884116
2021-11-09,1.012200054305036,1.152857600947191,1.2474991321909834
2021-11-10,1.0119567610458315,1.143583039392222,1.2291646943734442
2021-11-11,1.0153584347942277,1.1439530351989362,1.232572817065861
2021-11-12,1.0192245514158464,1.1525862706889338,1.2455426173120034
2021-11-15,1.0186194447521182,1.1529809328827623,1.2452586070876355
2021-11-16,1.0218273206541497,1.1575442144989037,1.2541260374262388
2021-11-17,1.0163999826785999,1.1547322463678757,1.2547887279497643
2021-11-18,1.0172522734589904,1.1586542019190462,1.267790084887503
2021-11-19,1.0135073683381997,1.1565822254014468,1.2748587838051086
2021-11-22,1.0140571044181488,1.153326262302362,1.2600586954463722
2021-11-23,1.0140936396657778,1.1548555783034473,1.2543153775758178
2021-11-24,1.0148773518840746,1.157938876692732,1.2583546341001637
2021-11-26,1.0029731837506264,1.1321131693840816,1.234497775253245
2021-11-29,1.0053596018331301,1.146000345329421,1.261289406418634
2021-11-30,1.0003693915734664,1.1237019313781123,1.242765628451516
2021-12-01,0.9980846214345107,1.111220739498287,1.2216226450818926
2021-12-02,1.0053657492028674,1.1282405466071395,1.230426962037303
2021-12-03,1.0034639707440747,1.1184233245356563,1.2090315251349077
2021-12-06,1.0061105206506074,1.1316691744160243,1.2187194294550188
2021-12-07,1.0139636574829396,1.1550775757874754,1.2554198617816938
2021-12-08,1.0124917743838715,1.1581362077896462,1.2610369528858625
2021-12-09,1.008508548476985,1.1503169630744197,1.242481618227148
2021-12-10,1.0086288511316541,1.1611455070175885,1.25598788223043
2021-12-13,1.0034433312366333,1.1508596235909339,1.2378427845624695
2021-12-14,1.0035517714718425,1.1429417133272504,1.2250307677743095
2021-12-15,1.0081291728670563,1.1608001775979886,1.2529584398371705
2021-12-16,1.0058533723338539,1.1505636269455626,1.2207390577171917
2021-12-17,1.0122969356085485,1.1343331442243667,1.2146486162390764
2021-12-20,0.9800973285918995,1.122271280925484,1.2013316923853732
2021-12-21,0.9796183080395575,1.1422017217138216,1.228217993625551
2021-12-22,0.9844391635161103,1.1536222589477327,1.2431758654422698
2021-12-23,0.9929541484510959,1.1608001775979881,1.2525482028464163
2021-12-27,0.987171481622216,1.1772279914160981,1.2732493925336896
2021-12-28,0.9877353038361442,1.1762660023186413,1.2673482912051528
2021-12-29,0.9841963715561842,1.1777706519326125,1.267158951055574
2021-12-30,0.9820652875854085,1.1745146888335276,1.2633721480639997
2021-12-31,0.9840358226412115,1.171554722379814,1.2554829751648864
2022-01-03,0.9896074101105475,1.1783379788362407,1.267569188046328
2022-01-04,0.9910258576623787,1.1779433166424123,1.251128151724576
2022-01-05,0.987755403444286,1.155324239658618,1.2126921013600962
2022-01-06,0.9880891729270173,1.1542389186255897,1.2118400706869918
2022-01-07,0.9919971228129009,1.1496756370094479,1.1987124869828674
2022-01-10,0.9958374376118072,1.1482449865568196,1.1995014042727787
2022-01-11,1.003700659034302,1.1587035346932741,1.2175202751743532
2022-01-12,1.0009992237350742,1.1618361658567877,1.2223484489886107
2022-01-13,1.001256130477467,1.1458276806196204,1.1917700148316477
2022-01-14,1.00367423779603,1.1462963419747918,1.199185837356814
2022-01-18,0.9923431604131692,1.1259959053797397,1.1693332071065696
2022-01-19,0.993428091578831,1.1143040378875713,1.1564896336268133
2022-01-20,0.9851646232871116,1.1019708443304315,1.1414686484269017
2022-01-21,0.9753318766958983,1.0803384228312085,1.109817286755659
2022-01-24,0.9730191758212342,1.0849263708344643,1.1148979141026882
2022-01-25,0.9722015734852572,1.0716805209540965,1.0890529836851932
2022-01-26,0.9711016957656339,1.06899188475864,1.0873489223389847
2022-01-27,0.968505917158622,1.0637132779161842,1.0763987503550156
2022-01-28,0.9842080495180282,1.0901309785155773,1.1101644103632204
2022-01-31,0.997228256304358,1.1097654226585438,1.1456656884092302
2022-02-01,1.0017438946057593,1.1172640043412847,1.153460191233554
2022-02-02,1.0039979682601934,1.128117214671568,1.1628325286377006
2022-02-03,0.9989393419506106,1.1016008485237174,1.1156868313925996
2022-02-04,0.9995529092452743,1.106780789817716,1.1297611158446175
2022-02-07,1.0085281012335783,1.1032288300732598,1.120672788664839
2022-02-08,1.010228948708899,1.1123060605313146,1.133263908611824
2022-02-09,1.0092331976876314,1.128585876026739,1.1572785509167247
2022-02-10,1.00642025967495,1.1083101058188014,1.1310864968916687
2022-02-11,1.0072079732438055,1.0864556868355497,1.0952065385465015
2022-02-14,1.0061799651935404,1.0829037270910935,1.0965634762851488
2022-02-15,1.005272480134483,1.1003675291680033,1.1238284578244844
2022-02-16,1.010010069745012,1.1016008485237172,1.1235444476001164
2022-02-17,1.013148030801795,1.0780691152166946,1.0901259111994726
2022-02-18,1.0100142768403404,1.0710885276633535,1.07769257471047
2022-02-22,1.010422374011565,1.0595939912680994,1.0668686294928866
2022-02-23,1.0075877764211276,1.0407982042870185,1.0395405345703583
2022-02-24,1.0078136171457122,1.056461360104586,1.0744737921676317
2022-02-25,1.0124572122605975,1.07977109592758,1.0911357253305587
2022-02-28,1.0144440461535722,1.0770084605707806,1.0943860645649934
2022-03-01,1.021555143107038,1.060605313139785,1.0776294613272768
2022-03-02,1.019784568466047,1.08011642534718,1.0957114456120445
2022-03-03,1.022193903118735,1.074739152956267,1.0800593265802036
2022-03-04,1.0170166333758983,1.0660072519178123,1.064407207548363
2022-03-07,1.005630233145191,1.0345822747342204,1.0251506832023753
2022-03-08,1.0122488549612583,1.0267383636318796,1.020385622771311
2022-03-09,1.0291504509016387,1.0542660516514155,1.0571176117895824
2022-03-10,1.027714063193752,1.0495054389383596,1.0453785225157017
2022-03-11,1.0186025422651097,1.0361609235095344,1.0236990753889383
2022-03-14,1.0104901579993906,1.0285883426654507,1.0040392565243481
2022-03-15,1.01511627392759,1.051207419649245,1.035532834737608
2022-03-16,1.0161173409567053,1.074517155472239,1.0739373284104914
2022-03-17,1.0280057127826308,1.0879603364495214,1.08693868534823
2022-03-18,1.0301441566177294,1.0964702400039479,1.1091861529237295
2022-03-21,1.0325522479039073,1.0961495769714622,1.1047366594086294
2022-03-22,1.0396183559341927,1.1089760982708876,1.126447663226989
2022-03-23,1.0295818865239041,1.09469426013172,1.1102590804380086
2022-03-24,1.0319325827119197,1.111196073111173,1.1349364132664348
2022-03-25,1.03217094428899,1.1166226782763145,1.1339897125185414
2022-03-28,1.0219275910946923,1.1245652549271126,1.1515352330461694
2022-03-29,1.027286826665157,1.1384770972595661,1.171352835368742
2022-03-30,1.0187502316389312,1.1314471769319965,1.1584145918141961
2022-03-31,1.0108029853180365,1.1140327076293153,1.14405629713781
2022-04-01,1.015177034572713,1.117190005179943,1.141878885417655
2022-04-04,1.0224197500775833,1.1267605633802835,1.1653886206570125
2022-04-05,1.0091247326637305,1.1125280580153443,1.139512133547921
2022-04-06,0.9995527922307674,1.1014035174268042,1.1147716873363018
2022-04-07,0.9990338270549881,1.106953454527517,1.117422449430404
2022-04-08,0.9978034225506622,1.1039934880738036,1.1018018870901596
2022-04-11,0.9955570800022379,1.0851237019313797,1.0757360598314893
2022-04-12,0.9917066591977142,1.081103080831752,1.0711918962416
2022-04-13,0.9971411778987467,1.0934856071631203,1.0929660134431527
2022-04-14,0.9957233896846929,1.079869761476038,1.0679731136987618
2022-04-18,0.9958566425774831,1.080313756444095,1.0687935876802697
2022-04-19,0.9930108748921935,1.0977528921338906,1.0926820032187847
2022-04-20,0.9973441207485043,1.0969389013591193,1.076745873962576
2022-04-21,0.9909756746840521,1.0805357539281235,1.05446684969548
2022-04-22,0.9862424211848874,1.0508867566167597,1.0268547445485836
2022-04-25,0.9879562240373272,1.0569793542339867,1.040045441635901
2022-04-26,0.9759999422394144,1.026368367825166,1.0007889172899134
2022-04-27,0.9751888152380989,1.0292543351175367,0.9995897630092482
2022-04-28,0.9721034099073708,1.0552527071359874,1.0350910410552578
2022-04-29,0.9625693375395912,1.0162551491083116,0.9885133642588931
2022-05-02,0.9548807268795764,1.022372413112653,1.0050175139638382
2022-05-03,0.9636741736950777,1.0270590266643662,1.0060904414781175
2022-05-04,0.9688946613340382,1.0583360055252724,1.040108555019094
2022-05-05,0.9515589294349431,1.0207197651759963,0.9877244469689818
2022-05-06,0.9468219244029921,1.0146271675587692,0.9758906876203118
2022-05-09,0.9385162790441682,0.9821415357292633,0.9377070907886035
2022-05-10,0.9506367184090998,0.9844108433437769,0.9490990564549231
2022-05-11,0.9321755240109266,0.9687723539133238,0.9209504875508868
2022-05-12,0.9438531113254405,0.9677610320416383,0.9187730758307315
2022-05-13,0.9432388397153669,0.9908981031548325,0.9528227460633045
2022-05-16,0.9546629088893263,0.9868774820552049,0.941777904004546
2022-05-17,0.9797272997625097,1.007177918650257,0.9661712266086042
2022-05-18,0.9486328277206932,0.9665770454601531,0.9187415191391352
2022-05-19,0.9584096129124046,0.960657112552726,0.9138186752500884
2022-05-20,0.96027529521633,0.9610764411336687,0.9109785730064077
2022-05-23,0.9882597130403679,0.9790582373399785,0.9261257849727051
2022-05-24,0.9685858164347444,0.9715843220443519,0.9064344094165184
2022-05-25,0.9814405771659852,0.9801682247601212,0.9191201994382925
2022-05-26,1.0076753631858877,0.9997533361288591,0.9445864495566302
2022-05-27,1.0296269396480826,1.0242963913075671,0.9754173372463649
2022-05-31,1.0270053274630524,1.01854912310994,0.9728296885354556
2022-06-01,1.0419933364050304,1.0103105498137706,0.9656347628514643
2022-06-02,1.0449903346744243,1.0295503317629084,0.992079270409292
2022-06-03,1.0412878062401534,1.012653856589627,0.9662658966833934
2022-06-06,1.028490928384053,1.015737154978912,0.9694846792262317
2022-06-07,1.048425495500948,1.0254803778890522,0.9778472024992918
2022-06-08,1.0352678979367262,1.014331170913398,0.9708100602732826
2022-06-09,1.009532508746853,0.9902074443156326,0.9448073463978053
2022-06-10,0.9822415840728657,0.9614957697146114,0.9114834800719508
2022-06-13,0.9447938541080815,0.9249895167854778,0.8691028432579144
2022-06-14,0.9454470681757171,0.9222022150415643,0.8706806778377371
2022-06-15,0.9531567612899187,0.9353493993734753,0.8924232383476931
2022-06-16,0.9124979152161631,0.9043930835450545,0.8564170532361401
2022-06-17,0.9031060405596018,0.9024444389630265,0.8668307614629697
2022-06-21,0.9251919423768475,0.9251621814952777,0.8869954873931032
2022-06-22,0.9087202377641029,0.9234848671715068,0.8857016630376486
2022-06-23,0.8898407882151831,0.9325374312424475,0.8988923601249661
2022-06-24,0.8953046051032038,0.9621864285538112,0.9296916911231042
2022-06-27,0.8963727967778791,0.9585111368737835,0.9228754457382703
2022-06-28,0.9010174711406832,0.9389260255050457,0.8947584335258307
2022-06-29,0.8831618789926935,0.938161367504503,0.8955789075073385
2022-06-30,0.8772007826405527,0.9305394538861906,0.884470952065387
2022-07-01,0.8883512439185225,0.9403813423447881,0.8903089400107308
2022-07-05,0.8813168096509751,0.9421573222170162,0.9055508220518177
2022-07-06,0.8699252850081771,0.9453392861547582,0.9113572533055652
2022-07-07,0.903718365245976,0.9594977923583545,0.930859288712173
2022-07-08,0.9020398043035586,0.9587084679706976,0.9320268863012419
2022-07-11,0.8801435492123849,0.9477565920919576,0.9121146139038799
2022-07-12,0.8641611566290617,0.9393700204731026,0.903278740256873
2022-07-13,0.8753243038313746,0.9344367430502467,0.9014168954526822
2022-07-14,0.8585129838164102,0.9321674354357331,0.9046356779955205
2022-07-15,0.8694182607093515,0.9499765669322427,0.921045157625676
2022-07-18,0.8847091191222984,0.9421326558299018,0.9132506548013519
2022-07-19,0.9131033983038721,0.9675883673318381,0.9413361103221952
2022-07-20,0.9396567950072553,0.9737549641104079,0.9562624254473175
2022-07-21,0.9411650568639639,0.9836708517303484,0.9699895862917747
2022-07-22,0.9090477025858664,0.974544288498065,0.9529805295212865
2022-07-25,0.9106144051136513,0.9757282750795504,0.9475527785666965
2022-07-26,0.9089735309661119,0.9641844059100676,0.9289343305247892
2022-07-27,0.9303714579579666,0.9892207888310613,0.9681908548707767
2022-07-28,0.9339065168731343,1.0016279815495437,0.9776578623497126
2022-07-29,0.951659051414682,1.0162304827211972,0.9954873931017084
2022-08-01,0.941801646002179,1.013221183493255,0.9948878159613759
2022-08-02,0.9467298794172214,1.0065365925852854,0.9919214869513092
2022-08-03,0.9489789253466749,1.0222984139513098,1.0189340149578732
2022-08-04,0.94506592922931,1.02160775511211,1.0236990753889375
2022-08-05,0.9515433516539171,1.0198811080141106,1.0153365521158775
2022-08-08,0.9730073812803388,1.018697121432625,1.0120546561898462
2022-08-09,0.9752983033238599,1.0146518339458832,1.0005995771403338
2022-08-10,1.0006056601146467,1.0359635924126205,1.0285272492031947
2022-08-11,1.0200394987957118,1.0359635924126205,1.0226892612578509
2022-08-12,1.0356444244688676,1.053501393650873,1.0426015336552128
2022-08-15,1.0398238755357736,1.0578426777829864,1.051027170311466
2022-08-16,1.0206572596020238,1.059914654300586,1.0485657483669426
2022-08-17,1.0172378104901534,1.0523914062307307,1.036605762251887
2022-08-18,1.0299779705168886,1.0554500382329013,1.0390987408880068
2022-08-19,1.0399779216583567,1.0412668656421906,1.0188393448830841
2022-08-22,1.0674384592280717,1.019585111368739,0.992016157026099
2022-08-23,1.083200636113798,1.017118472657311,0.9911956830445913
2022-08-24,1.088110783718789,1.020374435756396,0.9940673419798683
2022-08-25,1.0882801914964662,1.0347796058311352,1.0116444191990928
2022-08-26,1.0690504188605936,0.9997533361288584,0.9701789264413534
2022-08-29,1.0708829827720743,0.9931427443822315,0.9606172488876282
2022-08-30,1.0351531425609524,0.9822402012777199,0.9499195304364304
2022-08-31,1.0452486710979483,0.9747662859820933,0.9443971094070511
2022-09-01,1.0170933511447653,0.977824917984264,0.9448073463978051
2022-09-02,1.0313822987487766,0.9675143681704952,0.9314588658525055
2022-09-06,1.012727342334473,0.9638637428775818,0.9247688472340574
2022-09-07,1.0219657568098575,0.9811795466318058,0.9434504086591577
2022-09-08,1.0326420333320467,0.9875928072815185,0.9483416958566079
2022-09-09,1.058783269839152,1.0029353000666006,0.9690744422354776
2022-09-12,1.0715067678673549,1.0137145112355408,0.9805926346681831
2022-09-13,1.041166283092317,0.9696356774623235,0.9268200321878269
2022-09-14,1.0626803377689429,0.9733356355294654,0.9341727413298004
2022-09-15,1.0340957756764138,0.9622850941022683,0.9186152923727493
2022-09-16,1.0492632352481517,0.9510372215781568,0.9129982012685806
2022-09-19,1.0465791965972742,0.9584124713253264,0.9184575089147671
2022-09-20,1.030445711947224,0.9474112626723576,0.9111363564643901
2022-09-21,1.0140914000028647,0.9308847833057904,0.8948215469090237
2022-09-22,0.9945563273869225,0.923065538590564,0.8838082615418615
2022-09-23,0.9395630799585879,0.9075997138699107,0.8694184101738789
2022-09-26,0.9226246842549433,0.8986211489603131,0.8658209473318833
2022-09-27,0.9296748471871057,0.8963271749586851,0.8661680709394443
2022-09-28,0.9662385186050032,0.9139636417453948,0.8833980245511076
2022-09-29,0.9430941316772751,0.8948718581189427,0.85793177443277
2022-09-30,0.9467693535432569,0.8810340149478318,0.8433841396068051
2022-10-03,0.9902149894596296,0.9042944179965974,0.8631701852377812
2022-10-04,1.0259267413575717,0.9323154337584189,0.8903089400107309
2022-10-05,1.0404381653633055,0.9301447916923622,0.8898355896367841
2022-10-06,1.0498005090787068,0.9205495671049075,0.8828300041023714
2022-10-07,1.0180296381413132,0.8948718581189428,0.8491905708605526
2022-10-10,1.0023632383537,0.8880392688882872,0.8407018208211068
2022-10-11,0.9823470713423916,0.8824153326262315,0.8291520716968049
2022-10-12,0.9720847835823574,0.8795046989467465,0.828868061472437
2022-10-13,1.0017727956981537,0.9027157692212835,0.8483069834958519
2022-10-14,0.9690961014163645,0.8821440023679744,0.8228091766859178
2022-10-17,0.9923143698192946,0.9048124121259972,0.8499794881504639
2022-10-18,0.9921251724461586,0.9154436249722516,0.8567010634605082
2022-10-19,0.9913445234833218,0.9089563651611962,0.8535769509924593
2022-10-20,0.9987075197090846,0.9013344515428838,0.8492221275521488
2022-10-21,1.0197629438631297,0.923238203300364,0.8691343999495106
2022-10-24,1.0127351464085623,0.934535408598704,0.8786960775032358
2022-10-25,1.0381884420518017,0.9494585728028431,0.8968727318627927
2022-10-26,1.0576962068006748,0.942305320539702,0.8770551295402202
2022-10-27,1.049234353795936,0.937273377568389,0.861087443592415
2022-10-28,1.0511005061574417,0.9595717915196975,0.8874372810754533
2022-10-31,1.0487985772289898,0.9526405367405849,0.877118242923413
2022-11-01,1.0649581867960387,0.9484719173182717,0.8681561425100204
2022-11-02,1.035334776132863,0.9246688537529922,0.8383981823345651
2022-11-03,1.0448213250634133,0.9151476283268803,0.8220202593960059
2022-11-04,1.0558689999844555,0.9283194790459056,0.8352425131749196
2022-11-07,1.0499940062650348,0.9371993784070461,0.8444255104294873
2022-11-08,1.0410070516937335,0.9422559877654735,0.8505790652907957
2022-11-09,0.9833430904663691,0.9228435411065355,0.8309508031178018
2022-11-10,0.9859256383025322,0.9735576330134941,0.89226545488971
2022-11-11,1.0300691813420433,0.9829801928911489,0.9087064912114619
2022-11-14,1.0199393633290983,0.9746182876594083,0.9007542049291557
2022-11-15,1.0319881869790224,0.9829308601169204,0.9132190981097545
2022-11-16,1.001043552574547,0.9754322784341795,0.9007542049291557
2022-11-17,0.9937917571876747,0.9724476455933517,0.8987661333585791
2022-11-18,0.9827958318817416,0.9768629288868076,0.8987976900501756
2022-11-21,0.9763767394517111,0.9733109691423514,0.8895515794124148
2022-11-22,0.9804264087849343,0.9864088207000337,0.9023635962005747
2022-11-23,1.008681893435868,0.992624750252832,0.9114203666887567
2022-11-25,1.0054168720318875,0.9924027527688034,0.9054245952854307
2022-11-28,0.9936882811519445,0.9765669322414361,0.8921392281233239
2022-11-29,0.9966794457729556,0.9748896179176652,0.885386096121683
2022-11-30,1.0097227272253955,1.005599269874943,0.9257471046735464
2022-12-01,0.9951854260195276,1.0048592782615147,0.9268831455710187
2022-12-02,1.007075456648839,1.0036999580671435,0.9231910126542336
2022-12-05,0.9785529568259341,0.9856441626994908,0.9076966770803752
2022-12-06,1.074863811642865,0.9714363237216659,0.8888888888888893
2022-12-07,1.0832871166689244,0.9697836757850092,0.8852598693552971
2022-12-08,1.0979487819636233,0.9773809230162073,0.8957366909653197
2022-12-09,1.1204622631443701,0.9700796724303804,0.8900249297863617
2022-12-12,1.0852605604303003,0.9840655139241768,0.9011959986115059
2022-12-13,1.1059612235272982,0.9915147628326892,0.910883902931617
2022-12-14,1.0944025027671023,0.9851755013443193,0.9041307709299762
2022-12-15,1.0872260246260035,0.9610764411336684,0.8737732336141883
2022-12-16,1.088219305651668,0.9453886189289866,0.8654422670327249
2022-12-19,1.1083486418866508,0.9373720431168459,0.851241755814321
2022-12-20,1.12321846934698,0.9386546952467886,0.8505790652907956
2022-12-21,1.1411885967821433,0.9526898695148136,0.8629177317050087
2022-12-22,1.1268738258795998,0.9390986902148457,0.8418063050269816
2022-12-23,1.1492392893762617,0.9445006289928729,0.8436997065227689
2022-12-27,1.1399847327592,0.9407760045386167,0.8317712770993095
2022-12-28,1.1118021831484635,0.9290841370464483,0.8207895484237441
2022-12-29,1.133279226355669,0.9458079475099297,0.8407964908958953
2022-12-30,1.1315975230114594,0.9433166424113875,0.840291583830352
2023-01-03,1.1158318890470162,0.9393453540859885,0.8346113793429906
2023-01-04,1.1377744335186413,0.9465972718975866,0.8385875224841437
2023-01-05,1.126392488198756,0.9357933943415322,0.8254599387800191
2023-01-06,1.1388840237636815,0.9572531511309552,0.8482438701126583
2023-01-09,1.143379092277173,0.9567104906144412,0.8537347344504411
2023-01-10,1.1725113732149433,0.9634197479095252,0.8609612168260288
2023-01-11,1.165179412561765,0.9756049431439794,0.8758559752595547
2023-01-12,1.208949298866108,0.9791569028884357,0.8805894789990227
2023-01-13,1.2458510013239248,0.9829555265040347,0.8866483637855417
2023-01-17,1.2552182729597938,0.9811548802446922,0.8884470952065394
2023-01-18,1.22810299603238,0.9656643891369249,0.8768973460822376
2023-01-19,1.2038537730267485,0.9586344688093552,0.8682823692764059
2023-01-20,1.2203303554615923,0.9764929330800936,0.8920445580485351
2023-01-23,1.2309297165619923,0.9882094669593763,0.9118621603711076
2023-01-24,1.2385478670501937,0.9871488123134622,0.910000315566917
2023-01-25,1.237009482309479,0.9875188081201766,0.907980687304744
2023-01-26,1.229983209359352,0.9983720184504594,0.9256839912903541
2023-01-27,1.2192484148768048,1.0006659924520873,0.9348985452365184
2023-01-30,1.2063992171087592,0.988110801410919,0.915996086970243
2023-01-31,1.2186280609278812,1.0026393034212298,0.9297232478147001
2023-02-01,1.2706569017222826,1.0132951826545984,0.9496039635204655
2023-02-02,1.2805643493486156,1.0280456821489374,0.9836851904446348
2023-02-03,1.257911942464263,1.0171184726573117,0.9662027833001997
2023-02-06,1.2423693531563875,1.010902543104513,0.9580296001767182
2023-02-07,1.2359730055966034,1.024123726597767,0.9778787591908874
2023-02-08,1.230389828471277,1.0129251868478841,0.9604910221212417
2023-02-09,1.198620669789785,1.0041439530352008,0.9520022720817958
2023-02-10,1.1870362792506202,1.0064872598110575,0.945754047145698
2023-02-13,1.206278926736064,1.018302459238797,0.9609012591119955
2023-02-14,1.2308004398224346,1.0178337978836258,0.9680015147211974
2023-02-15,1.2753162738539865,1.0211390937569393,0.975417337246364
2023-02-16,1.275255466003561,1.0070792531018,0.9571144561204212
2023-02-17,1.2543027769411634,1.0045632816161436,0.9503613241187804
2023-02-21,1.235176432242263,0.9844108433437773,0.9278614030105092
2023-02-22,1.229643972558037,0.983054192052492,0.9285556502256312
2023-02-23,1.2419718839993215,0.9882834661207193,0.9366657199659196
2023-02-24,1.2114006347940973,0.9777262524358076,0.9209820442424825
2023-02-27,1.2242207953808546,0.9810562146962355,0.9275773927861412
2023-02-28,1.2394492836852955,0.9774302557904363,0.926378238505476
2023-03-01,1.2579844645852445,0.9736809649490659,0.9189308592887131
2023-03-02,1.2442279947985695,0.9812535457931497,0.9265360219634584
2023-03-03,1.2626970354743263,0.99699070077206,0.9456909337625055
2023-03-06,1.2650185054505017,0.9976813596112598,0.9467638612767848
2023-03-07,1.254702338661586,0.9823881996004065,0.9351509987692901
2023-03-08,1.255726433342438,0.9839915147628348,0.9398213891255653
2023-03-09,1.2366616136382635,0.965837053846725,0.9235381362617957
2023-03-10,1.1958114215703273,0.9519005451271572,0.9105683360156535
2023-03-13,1.1734479752935978,0.9505438938358718,0.9173214680172943
2023-03-14,1.180021445337476,0.9662563824276679,0.9384013380037249
2023-03-15,1.152880841083253,0.9602131175846693,0.9433241818927717
2023-03-16,1.1805047897377914,0.9770602599837224,0.9681908548707766
2023-03-17,1.1419153432828857,0.9619644310697834,0.9636151345892909
2023-03-20,1.1437461231666721,0.971214326237638,0.9655400927766745
2023-03-21,1.1519675117758446,0.9839668483757206,0.9793303670043243
2023-03-22,1.1424597613689853,0.9671937051380105,0.9660134431506212
2023-03-23,1.156231798734248,0.9698083421721241,0.9774685222001336
2023-03-24,1.1503417374418352,0.9761722700476082,0.9810659850421292
2023-03-27,1.1353885279686708,0.9779975826940648,0.9743444097320847
2023-03-28,1.1451618582754732,0.9758022742408939,0.9691691123102664
2023-03-29,1.1637806443441951,0.9899854468316046,0.9868408596042803
2023-03-30,1.1683296569158508,0.9957820478034601,0.9961816403168302
2023-03-31,1.1905549731476557,1.009817222071485,1.012748903404968
2023-04-03,1.206108908469746,1.0136651784613127,1.0102874814604446
2023-04-04,1.200936759869486,1.008041242199257,1.0068793587680276
2023-04-05,1.1843967310995813,1.005401938778029,0.9969390009151449
2023-04-06,1.1924423860711828,1.0093238943291993,1.0036605762251893
2023-04-10,1.2101340260392262,1.010359882587999,1.0030925557764532
2023-04-11,1.2232006203000274,1.010631212846256,0.9966549906907768
2023-04-12,1.2305752882050804,1.0065119261981712,0.9878506737353665
2023-04-13,1.2473353844719914,1.0198811080141106,1.007194925683992
2023-04-14,1.248945312464213,1.0173898029155684,1.0053015241882048
2023-04-17,1.260500791802282,1.0210404282084817,1.0061535548613092
2023-04-18,1.2850353070423213,1.0217064206605673,1.0062166682445024
2023-04-19,1.2617214399203496,1.0215337559507673,1.0057433178705555
2023-04-20,1.2528581444514262,1.0159591524629403,0.9980750418126174
2023-04-21,1.2472328666915646,1.0167484768505972,0.9991164126353004
2023-04-24,1.2378060740309578,1.0178091314965112,0.9970336709899345
2023-04-25,1.2203984894229611,1.001652647936658,0.9782258827984486
2023-04-26,1.2316709819099674,0.997410029353002,0.9841585408185817
2023-04-27,1.2491964638579414,1.017266470979997,1.010918615292374
2023-04-28,1.2511890925576319,1.0259490392442232,1.01789264413519
2023-05-01,1.2394150266216306,1.0249130509854234,1.0167250465461213
2023-05-02,1.2444492612022677,1.013393848203055,1.007857616207518
2023-05-03,1.2663006713340534,1.006437927036828,1.0012622676638594
2023-05-04,1.275423926517798,0.9993093411608013,0.9977279182050567
2023-05-05,1.2973594558402113,1.017809131496511,1.0189340149578732
2023-05-08,1.2895174988072473,1.018080461754768,1.0214585502855895
2023-05-09,1.2913122981754213,1.0136158456870834,1.0149894285083165
2023-05-10,1.2995867553651963,1.0183517920130252,1.026034270567075
2023-05-11,1.2856270747419625,1.016575812140797,1.029379279876299
2023-05-12,1.2788137399921797,1.015243827236626,1.0256871469595141
2023-05-15,1.2819579707944746,1.0187464542068538,1.03124112468049
2023-05-16,1.254981350647979,1.0119385313633127,1.0324087222695588
2023-05-17,1.266701393359164,1.024222392146224,1.0449051721417542
2023-05-18,1.256437276482984,1.0340889469919357,1.0643125374735727
2023-05-19,1.2551457613874069,1.0325842973779646,1.0619142289122423
2023-05-22,1.258847436892156,1.0330036259589075,1.0654801350626415
2023-05-23,1.2536664602872096,1.021410424015196,1.0519738710593596
2023-05-24,1.2486657466360374,1.0140105078809123,1.046577676796366
2023-05-25,1.2553738497297855,1.0227917416935959,1.0720439269147037
2023-05-26,1.2680636089803599,1.036037591573964,1.0994351352204248
2023-05-30,1.281090144179369,1.0364322537677924,1.1044210924926645
2023-05-31,1.2521487633156065,1.0306849855701652,1.0981413108649702
2023-06-01,1.2730454518011445,1.0404775412545342,1.1108271008867443
2023-06-02,1.2953317437013807,1.0555240373942447,1.1191580674682078
2023-06-05,1.3126820926072136,1.053501393650874,1.119946984758119
2023-06-06,1.345440003368484,1.0557953676525018,1.1197576446085402
2023-06-07,1.3360261312952337,1.0521447423595887,1.1007605162674756
2023-06-08,1.4086760703337755,1.0585086702350726,1.1144245637287395
2023-06-09,1.3878652472338306,1.060407982042872,1.1186847170942606
2023-06-12,1.3889845049323744,1.070027873017441,1.137587175360536
2023-06-13,1.4174746353759329,1.077082459732125,1.1463283789327534
2023-06-14,1.4194491053256624,1.0783651118620674,1.154659345514217
2023-06-15,1.4640517977539111,1.091734293678007,1.1684180630502703
2023-06-16,1.4828345811451167,1.0839890481241232,1.161065353908297
2023-06-20,1.4819925742764615,1.0783651118620676,1.1578150146738622
2023-06-21,1.4672227717529307,1.072839841148469,1.1420366688756356
2023-06-22,1.4697784586660962,1.0767124639254106,1.1555113761873212
2023-06-23,1.4286774194479748,1.0685725561776984,1.1440562971378088
2023-06-26,1.4267929939564232,1.064206605658471,1.1287197450219326
2023-06-27,1.44376743600251,1.0758738067635252,1.1481271103537511
2023-06-28,1.4595262413312549,1.0764164672800391,1.1503676354570993
2023-06-29,1.4715926936890045,1.0806590858636953,1.1480639969705582
2023-06-30,1.5050814796299612,1.0934116080017777,1.1657673009561684
2023-07-03,1.538754797786195,1.094669593744606,1.1685127331250598
2023-07-05,1.5460530640825574,1.0930416121950635,1.168481176433463
2023-07-06,1.4983783137483468,1.0844823758664086,1.1595821894032634
2023-07-07,1.5579010047193809,1.0817444068967235,1.1557322730284962
2023-07-10,1.6304204126223836,1.0844823758664086,1.156110953327654
2023-07-11,1.6475314964890242,1.0913889642584067,1.1618227145066118
2023-07-12,1.680025070892957,1.10017019807109,1.1764965760989623
2023-07-13,1.754297908040493,1.108902099109545,1.1964719618795172
2023-07-14,1.703298080517367,1.1082114402703451,1.1962195083467457
2023-07-17,1.7031009629058196,1.1120593966601728,1.2073905771718902
2023-07-18,1.7187688300956696,1.1203226363434564,1.21726782164158
2023-07-19,1.7650204823529034,1.1228139414419986,1.2169838114172118
2023-07-20,1.7086721792795465,1.1153646925334864,1.188929912587965
2023-07-21,1.7063630844869553,1.1153646925334864,1.185364006437566
2023-07-24,1.7161283900784574,1.1203473027305706,1.187257407933353
2023-07-25,1.7525437696925288,1.1234059347327412,1.1953043642904484
2023-07-26,1.7327010408418693,1.1235785994425411,1.1913282211492953
2023-07-27,1.6828885566587282,1.1161293505340288,1.1884881189056145
2023-07-28,1.7294412386268796,1.1270565600256546,1.2101360093407814
2023-07-31,1.7503049655831957,1.1292025357045967,1.2107671431727105
2023-08-01,1.761031427870859,1.1259712389926262,1.2079585976206262
2023-08-02,1.7290243163399195,1.1103080831750587,1.1814509766796055
2023-08-03,1.6829745734363029,1.1071261192373165,1.1795575751838185
2023-08-04,1.7188844313601424,1.1021188426531179,1.1740351541544392
2023-08-07,1.714979141806538,1.1117387336276867,1.1839755120073219
2023-08-08,1.6825110151544034,1.106904121753288,1.1739089273880534
2023-08-09,1.6338609087911224,1.099504205619004,1.1610022405251041
2023-08-10,1.682254372090753,1.0998988678128325,1.1631480955536628
2023-08-11,1.6794693522063977,1.0992575417478612,1.1557322730284965
2023-08-14,1.7261689606031945,1.105325472977974,1.1687020732746387
2023-08-15,1.6739360873929294,1.09244961890432,1.1563002934772326
2023-08-16,1.635403984495677,1.0844330430921791,1.1440562971378088
2023-08-17,1.6071643650766478,1.0761698034088956,1.1315598472656132
2023-08-18,1.6098644881725248,1.0766877975382954,1.130139796143773
2023-08-21,1.6471527364507257,1.0836930514787508,1.1483480071949261
2023-08-22,1.680203398174839,1.0807577514121516,1.1467070592319106
2023-08-23,1.704342152773557,1.09279494832392,1.1647890435166783
2023-08-24,1.6479703101863163,1.0776497866357526,1.139890813847077
2023-08-25,1.6389762524206455,1.0852470338669506,1.1487266874940836
2023-08-28,1.6577744517739703,1.0921289558718346,1.157373220991512
2023-08-29,1.68342766367532,1.1079154436249734,1.1826501309602708
2023-08-30,1.6886195829852457,1.112478725241115,1.1892454795039296
2023-08-31,1.675340874433697,1.1108507436915727,1.1928113856543288
2023-09-01,1.6684245476315254,1.1129227202091723,1.1915491179904705
2023-09-05,1.6609002216174422,1.1081127747218877,1.1930638391871002
2023-09-06,1.6594124188716675,1.1006635258133755,1.1825554608854814
2023-09-07,1.63890996540974,1.0972842307787192,1.174098267537632
2023-09-08,1.6466119534375774,1.0989368787153757,1.1757392155006474
2023-09-11,1.647448579355683,1.1061641301398597,1.1895926031114903
2023-09-12,1.6404075853017661,1.100096198909747,1.176401906024173
2023-09-13,1.620304314359112,1.1013788510396896,1.1808829562308691
2023-09-14,1.6437826719009379,1.110875410078687,1.1905393038593837
2023-09-15,1.630165839239625,1.0936336054858058,1.170153681088075
2023-09-18,1.6276744092074538,1.094274931550777,1.1696803307141284
2023-09-19,1.620304507044245,1.0920056239362632,1.1671873520780085
2023-09-20,1.6231006354373974,1.0819664043807515,1.150367635457099
2023-09-21,1.5825618016282088,1.064083273722899,1.1292877654706686
2023-09-22,1.596453990896338,1.0616906341728138,1.1294455489286508
2023-09-25,1.6014325720583733,1.0661552502404985,1.1348101865000477
2023-09-26,1.6040893275440808,1.050492094422931,1.117769573037963
2023-09-27,1.6271211375591499,1.0509114230038739,1.1203887784404687
2023-09-28,1.6478148328732278,1.0570040206211009,1.129761115844615
2023-09-29,1.6200195725693982,1.0544387163612159,1.1305815898261227
2023-10-02,1.5900320317785963,1.054019387780273,1.140017040613462
2023-10-03,1.5402518650258488,1.0399102143509051,1.1200100981413108
2023-10-04,1.5352704113662363,1.047482795194989,1.1352519801823977
2023-10-05,1.5465817270294586,1.0470881330011603,1.1319069708731737
2023-10-06,1.5602335646724057,1.0595199921067573,1.150872542522642
2023-10-09,1.5323336638641318,1.066303248563184,1.1567420871595824
2023-10-10,1.5794114631955805,1.0718531856638969,1.1631480955536622
2023-10-11,1.5807780603381227,1.0762438025702386,1.1714475054435294
2023-10-12,1.5510563664262278,1.0696825435978403,1.1673766922275868
2023-10-13,1.5183349237323724,1.064354603981156,1.152702830635236
2023-10-16,1.5457727518059174,1.075553143731039,1.1657357442645713
2023-10-17,1.5504806489847804,1.0755038109568105,1.1619173845814004
2023-10-18,1.5060834608349065,1.061172640043414,1.1466755025403137
2023-10-19,1.5001276315376764,1.0518487457142165,1.1359462273975198
2023-10-20,1.478214566093558,1.0389235588663341,1.1190002840102244
2023-10-23,1.48182454307003,1.0371229126069916,1.122376850011045
2023-10-24,1.5171760884021883,1.0449421573222182,1.1332954653034175
2023-10-25,1.5034274114430721,1.0299449939567362,1.1055571333901353
2023-10-26,1.4938302256720364,1.0176118003995964,1.0844772634037048
2023-10-27,1.4781349025569812,1.0129991860092262,1.0896841175171195
2023-10-30,1.4789644794768408,1.0251103820823373,1.1019596705481398
2023-10-31,1.482471190977265,1.0315483091191642,1.1072296380447475
2023-11-01,1.510315937514016,1.042549517772133,1.1264476632269873
2023-11-02,1.5411038353352495,1.062529291334699,1.146896399381489
2023-11-03,1.582636570586133,1.0722231814706111,1.1603711066931743
2023-11-06,1.5754920136476127,1.074689820182039,1.1651046104326424
2023-11-07,1.5736826254932643,1.0777484521842098,1.1761178957998044
2023-11-08,1.5545491206583852,1.0785377765718667,1.1768752563981193
2023-11-09,1.540503511760894,1.0701265385658973,1.1678184859099372
2023-11-10,1.5488898378732896,1.0868256826422646,1.1940736533181862
2023-11-13,1.5659353659966833,1.0857896943834648,1.1903499637098047
2023-11-14,1.6416953484132655,1.1068547889790596,1.2159739972861248
2023-11-15,1.6466885988130833,1.1091980957549161,1.2168891413424219
2023-11-16,1.6243494599933836,1.1105547470462014,1.2179305121651047
2023-11-17,1.629216285839293,1.111936064724601,1.218214522389473
2023-11-20,1.6558648072843418,1.1204953010532561,1.2330461674398059
2023-11-21,1.605857152762206,1.1180533287289425,1.2258827984474112
2023-11-22,1.6140344093989607,1.1223699464739414,1.2309003124112472
2023-11-24,1.6141906238951864,1.1230606053131413,1.2291646943734422
2023-11-27,1.626242408364569,1.1210379615697703,1.2280917668591629
2023-11-28,1.6184701592654371,1.1221479489899129,1.2313105494020011
2023-11-29,1.616401020312034,1.121358624602256,1.2301113951213358
2023-11-30,1.5969244074092284,1.125773907895712,1.2270188393448833
2023-12-01,1.666498989383041,1.1324338324165677,1.2305216321120898
2023-12-04,1.6803465472670986,1.1264892331220264,1.2190981097541738
2023-12-05,1.679282597607573,1.126267235637998,1.2221591088390298
2023-12-06,1.6767833532814844,1.1217286204089705,1.2150904099214244
2023-12-07,1.6998028835479166,1.1302878567376256,1.232067910000316
2023-12-08,1.7477308040922719,1.1351471349991384,1.237558774338099
2023-12-11,1.7179753113708005,1.1395624182925943,1.2481302660229106
2023-12-12,1.713989591128835,1.1447670259737073,1.2580706238757935
2023-12-13,1.806133976351403,1.1605535137268461,1.2740698665151953
2023-12-14,1.890337405254338,1.1642781381811023,1.2729653823093192
2023-12-15,1.8898789743063145,1.1576675464344754,1.2791189371706275
2023-12-18,1.915379730620029,1.1641794726326453,1.2846098015084104
2023-12-19,1.9523144058962425,1.1712587257344436,1.2911735933604727
2023-12-20,1.894250391367113,1.1550282430132477,1.2719871248698291
2023-12-21,1.963109635982151,1.1659801188919878,1.2867872132285656
2023-12-22,1.9703629239833493,1.1683234256678445,1.2887121714159493
2023-12-26,1.9939333606381493,1.1732567030907004,1.2966013443150626
2023-12-27,2.0436511479939043,1.1753780123825284,1.2985578591940428
2023-12-28,2.0276765045957794,1.1758220073505854,1.2979267253621136
2023-12-29,1.93870410152876,1.172418045928815,1.292309634257945
2024-01-02,1.8910414778220093,1.1658567869564165,1.270440846981603
2024-01-03,1.836734930724324,1.1563355615303048,1.2569976963615141
2024-01-04,1.8484631399018192,1.1526109370760484,1.2505285745842414
2024-01-05,1.8303982601524984,1.1541895858513624,1.2520117390892749
2024-01-08,1.8698895729185334,1.170666732443701,1.2778882261983662
2024-01-09,1.8451592621499593,1.168890752571473,1.2804127615260825
2024-01-10,1.8450227740162464,1.1755013443180997,1.289090851715107
2024-01-11,1.8117267487530542,1.1749833501887,1.2917731705008055
2024-01-12,1.7853538471621382,1.175797340963471,1.2924358610243312
2024-01-16,1.7558631738684245,1.171480723218472,1.2923096342579452
2024-01-17,1.7380412087597057,1.1649687970203024,1.2850200384991646
2024-01-18,1.731739586127224,1.1753286796082996,1.3032598062419147
2024-01-19,1.769496732093722,1.1899805135541814,1.3291047366594098
2024-01-22,1.804772116253051,1.1924964850398379,1.3308403546972147
2024-01-23,1.8153486192940076,1.1959744456229513,1.336362775726594
2024-01-24,1.799752472819446,1.197281764140008,1.3437785982517603
2024-01-25,1.8002581317490303,1.2037936903381776,1.3454195462147758
2024-01-26,1.7801445027469924,1.2022643743370924,1.3374041465492765
2024-01-29,1.8206493975317564,1.211785599763204,1.3510997507021372
2024-01-30,1.7992876718048425,1.2108482770528615,1.342106093597148
2024-01-31,1.789334969938996,1.1910905009743238,1.3158193694973026
2024-02-01,1.8026551801372115,1.2066796576305483,1.3313137050711608
2024-02-02,1.829079320261624,1.2193828469944024,1.3538136261794318
2024-02-05,1.8383957743957984,1.214942897313832,1.3520464514500303
2024-02-06,1.8651919634772747,1.2184701906711741,1.3493325759727353
2024-02-07,1.8619397251922407,1.2286327421622572,1.3632175202751746
2024-02-08,1.8766403320414875,1.2291754026787713,1.365742055602891
2024-02-09,1.930199811756677,1.2362793221676838,1.3791852062229797
2024-02-12,1.979848298308736,1.2357366616511696,1.3737890119599863
2024-02-13,1.934262782690483,1.2187168545423168,1.3523620183659948
2024-02-14,2.0031056606507742,1.2297920623566283,1.3670989933415383
2024-02-15,2.0778753247305426,1.2382772995239404,1.3711698065574804
2024-02-16,2.063315512028905,1.2321107027453706,1.3587364700684779
2024-02-20,2.0360903248397353,1.2253274462889439,1.3484805452996307
2024-02-21,1.9783665986203165,1.2264374337090864,1.3430843510366373
2024-02-22,2.0427708726484197,1.2518191460496801,1.3824039887658175
2024-02-23,2.028971119886766,1.25268246959868,1.378333175549875
2024-02-26,2.0798135585041235,1.248094521595424,1.3776073716431565
2024-02-27,2.121403163485435,1.250413161984166,1.380920824260784
2024-02-28,2.087290142864482,1.2487605140475093,1.3735681151188104
2024-02-29,2.0741926186363067,1.2532497965023082,1.3853387610842876
2024-03-01,2.109905978847835,1.2650156631558196,1.406197734229543
2024-03-04,2.0752265798965546,1.263659011864534,1.4011802202657069
2024-03-05,2.0311278208362045,1.251029821662023,1.376029537063334
2024-03-06,2.0887032431926125,1.2573690831503928,1.3846760705607621
2024-03-07,2.1133377401804863,1.269850275030218,1.405692827164
2024-03-08,2.127358231101465,1.2622283614119059,1.3854018744674805
2024-03-11,2.058986027397993,1.2611430403788775,1.3802581337372588
2024-03-12,2.102424483285671,1.2747095532917312,1.400044179368235
2024-03-13,2.126371488129794,1.2727115759354748,1.3892833475338444
2024-03-14,2.0723097025960735,1.2701956044498184,1.3857805547666382
2024-03-15,2.0659810592245678,1.257566414247307,1.3693079617532897
2024-03-18,2.07018961036596,1.2650403295429338,1.380542143961627
2024-03-19,2.0104028187394656,1.2720702498705034,1.3839818233456405
2024-03-20,2.08795325235354,1.2838361165240146,1.400391302975796
2024-03-21,2.09911613134055,1.2880787351076708,1.4070182082110512
2024-03-22,2.075204762491848,1.2856367627833571,1.4086275994824702
2024-03-25,2.0869913091146306,1.2820848030389007,1.403515415443845
2024-03-26,2.05444474415598,1.2797168298759298,1.3989712518539557
2024-03-27,2.078065237357143,1.2904713746577559,1.40373631228502
2024-03-28,2.0869437670413546,1.2902247107866132,1.4011486635741108
2024-04-01,2.062441371595786,1.2879800695592136,1.4041149925841776
2024-04-02,2.0259924093541968,1.279790829037273,1.3919972230111397
2024-04-03,2.0679532742443087,1.2811968131027869,1.3951213354791885
2024-04-04,2.041056605107027,1.265558323672334,1.373789011959986
2024-04-05,2.0637273597629955,1.2787795071655876,1.3899775947489668
2024-04-08,2.069175634723571,1.2794948323919018,1.3903878317397207
2024-04-09,2.0594260276519143,1.2809748156187588,1.3955315724699426
2024-04-10,2.0345657934532,1.2681482943193334,1.3833506895137118
2024-04-11,2.035836542783527,1.2777188525196737,1.4054403736312286
2024-04-12,1.9665074817461516,1.260082385732964,1.3830351225977469
2024-04-15,1.9308203339703311,1.244295897979825,1.3602827479567041
2024-04-16,1.930735291898174,1.2420265903653114,1.3604089747230899
2024-04-17,1.9545435292138602,1.2346760070052563,1.3438101549433554
2024-04-18,1.9587441622331754,1.2321353691324854,1.3361418788854176
2024-04-19,1.9468739800942185,1.2213808243506596,1.3084982170469246
2024-04-22,1.9935473879301975,1.2326286968747708,1.3216573574426456
2024-04-23,2.0194514369943506,1.2472558644335383,1.3413802896904286
2024-04-24,1.96899173377634,1.2466638711427958,1.3459244532803178
2024-04-25,1.9859442945166883,1.241927924816854,1.3394237748114486
2024-04-26,2.064863064015172,1.2536937914703652,1.3600934078071252
2024-04-29,2.08504066903728,1.2581337411509355,1.3656158288365043
2024-04-30,1.997947204368453,1.2382033003625976,1.3398655684937986
2024-05-01,2.021000153805823,1.2341826792629702,1.3301776641736875
2024-05-02,2.1227793647412474,1.245726548432453,1.3471551642525792
2024-05-03,2.175866556423189,1.2611677067659919,1.374230805642336
2024-05-06,2.2007261976677013,1.2741915591623314,1.389283347533844
2024-05-07,2.210509632141128,1.2755975432278452,1.389504244375019
2024-05-08,2.183392294827825,1.2757208751634168,1.3886837703935113
2024-05-09,2.1855486208574786,1.283071458523472,1.3917132127867706
2024-05-10,2.132973360854026,1.284724106460129,1.3949951087128019
2024-05-13,2.1330741926226042,1.2848967711699288,1.39821389125564
2024-05-14,2.175118100217209,1.2907920376902418,1.4072075483606292
2024-05-15,2.208223440267564,1.3067758565402947,1.4292025624033569
2024-05-16,2.1585679868036234,1.3040872203448384,1.4262993467764833
2024-05-17,2.173426070922522,1.3059618657655234,1.4256050995613612
2024-05-20,2.194391664258336,1.3074665153794942,1.435545457414244
2024-05-21,2.1964258167761,1.3106731457043506,1.4383540029663282
2024-05-22,2.160873264408769,1.3068991884758658,1.43806999274196
2024-05-23,2.1166311678356866,1.2973532966626398,1.4316008709646872
2024-05-24,2.135673725851785,1.305937199378409,1.4451386916595657
2024-05-28,2.1212455405240296,1.3068498557016373,1.450597999305752
2024-05-29,2.0774069878665866,1.2976986260822398,1.4403736312285012
2024-05-30,2.0690714193487683,1.2890900569793564,1.4249424090378358
2024-05-31,2.0365023454710753,1.3008312572457534,1.4222916469437337
2024-06-03,2.0614567843850797,1.3018919118916672,1.4299283663100752
2024-06-04,2.0770235061002644,1.3033472287314098,1.4338413960680356
2024-06-05,2.119966660374296,1.3188377198391772,1.4627473255703867
2024-06-06,2.1300699080897845,1.318813053452063,1.4622424185048435
2024-06-07,2.096114222267647,1.3172097382896348,1.460948594149389
2024-06-10,2.112402500496385,1.3212796921634908,1.4668496954779258
2024-06-11,2.138587216798473,1.324461656101233,1.4769162800971944
2024-06-12,2.2001161770904907,1.3353395328186302,1.4962605320458202
2024-06-13,2.185998625544094,1.3380281690140867,1.5043706017861087
2024-06-14,2.1719297050472544,1.3388421597888578,1.5121651046104327
2024-06-17,2.1999731436104564,1.3494980390222266,1.5306888825775509
2024-06-18,2.1982942407762516,1.3529266668311115,1.5311622329514978
2024-06-20,2.195199654694269,1.349251375151084,1.5193600302944246
2024-06-21,2.1498398385847484,1.3431094447596283,1.515289217078482
2024-06-24,2.1335815860952128,1.338743494240401,1.4956609549054882
2024-06-25,2.1884692519090643,1.3438987691472857,1.512764681750766
2024-06-26,2.1463614935279574,1.3455760834710566,1.5158887942188148
2024-06-27,2.168043594066884,1.3476973927628846,1.519801823976775
2024-06-28,2.1379268809568575,1.3423941195333147,1.5119126510776617
2024-07-01,2.154526630108817,1.345156754890114,1.520780081416265
2024-07-02,2.1625414504041927,1.3542093189610545,1.5367477673640701
2024-07-03,2.177085517014111,1.3602525838040531,1.5495597841522302
2024-07-05,2.213938419041084,1.3680964949063938,1.565716810249614
2024-07-08,2.212064285611593,1.3696751436817076,1.5694404998579954
2024-07-09,2.203087555478985,1.3710071285858787,1.5707974375966427
2024-07-10,2.236306035714238,1.3845736414987324,1.5871753605352017
2024-07-11,2.2487078602797674,1.372635110135421,1.5523683297043143
2024-07-12,2.274986149178517,1.381293012012533,1.5614882135756893
2024-07-15,2.3385358588583394,1.385091635628132,1.5656852535580175
2024-07-16,2.370895885236959,1.393305542537187,1.56628483069835
2024-07-17,2.3098692582177622,1.3737697639426778,1.5203067310423177
2024-07-18,2.277305884399236,1.363212550257766,1.5131118053583266
2024-07-19,2.2765506948401515,1.3541599861868256,1.4997002114298341
2024-07-22,2.3302814597649735,1.3681211612935076,1.5220423490801227
2024-07-23,2.6974319973559666,1.3659751856145652,1.5166777115087258
2024-07-24,2.5812925514912664,1.3350188697861447,1.4622739751964406
2024-07-25,2.5015588967896583,1.3280629486199178,1.4461485057906531
2024-07-26,2.6017440960403166,1.3429367800498284,1.460980150840986
2024-07-29,2.5767696715276465,1.3437261044374853,1.463914923159456
2024-07-30,2.5549391436310733,1.3369181815939444,1.4438133106125153
2024-07-31,2.634293182184376,1.3586492686416245,1.4865410710341127
2024-08-01,2.567415375458531,1.3394094866924866,1.45053488592256
2024-08-02,2.4392504229300247,1.31447176931995,1.4161065353908295
2024-08-05,2.361725042915586,1.2761895365185882,1.3738836820347755
2024-08-06,2.527825061483443,1.2879554031720994,1.3870112657389
2024-08-07,2.5283483077730167,1.279346834069216,1.3719902805389883
2024-08-08,2.6132632890482204,1.3089218322192369,1.4139606803622708
2024-08-09,2.644681387578111,1.3146937668039784,1.4213449461958412
2024-08-12,2.624698957090274,1.3153844256431781,1.424405945280697
2024-08-13,2.6808872498340244,1.337016847142401,1.4597494398687243
2024-08-14,2.7052482659006554,1.341234799338943,1.4602227902426712
2024-08-15,2.754877540162001,1.3642238721294517,1.4971125627189248
2024-08-16,2.759285346859948,1.3672825041316223,1.4990375209063083
2024-08-19,2.799163641377636,1.3803556893021907,1.5187288964624948
2024-08-20,2.7609792216624327,1.3781110480747913,1.515541670611253
2024-08-21,2.799625889306962,1.3828469944007329,1.5226103695288584
2024-08-22,2.759738895692745,1.37199378407045,1.4984695004575719
2024-08-23,2.8032947217646735,1.386571618854989,1.5147211966297451
2024-08-26,2.7817470957887656,1.3832663229816755,1.500015778345798
2024-08-27,2.729272457272333,1.385165634789475,1.5044968285524942
2024-08-28,2.6758168926890926,1.37712439259022,1.4874246583988133
2024-08-29,2.66187563345746,1.3772477245257913,1.4852472466786582
2024-08-30,2.6628962713569537,1.390394908857702,1.502950550664268
2024-09-03,2.5780446343191397,1.3617818998051379,1.457319574615797
2024-09-04,2.6072392842181285,1.3589945980612244,1.4535327716242226
2024-09-05,2.6019800160300317,1.3556893021879108,1.45488970936287
2024-09-06,2.5403675227911426,1.3328728941072023,1.4159171952412506
2024-09-09,2.6996449642034293,1.3477960583113413,1.4341254062924038
2024-09-10,2.7532756806883514,1.3536666584445398,1.4473792167629143
2024-09-11,2.7744452783108224,1.3675538343898792,1.4788096815929812
2024-09-12,2.873477657495107,1.379073037172248,1.4933257597273497
2024-09-13,2.9678846313008864,1.3862756222096175,1.5000157783457977
2024-09-16,2.9440390333031656,1.3883229323401027,1.4933888731105427
2024-09-17,2.8854918235740286,1.388890259243731,1.4941777904004538
2024-09-18,2.871466894306902,1.3847709725956463,1.4877086686231809
2024-09-19,2.9218500569024353,1.4084013714511259,1.5253242450061528
2024-09-20,2.910175049365839,1.4016674477689275,1.5224210293792793
2024-09-23,2.9054855041063337,1.4051700747391551,1.5243144308750665
2024-09-24,3.0067115653200225,1.4091906958387828,1.5316671400170399
2024-09-25,2.961984307568333,1.4060827310623836,1.5330871911388801
2024-09-26,2.9671710173073746,1.4116573345502108,1.5446053835715856
2024-09-27,2.9517356440339713,1.4096100244197258,1.5360219634573502
2024-09-30,2.936326237545922,1.4152586270688958,1.5401874467480818
2024-10-01,2.8587860869107944,1.4025801040921562,1.5187288964624939
2024-10-02,2.86794371054888,1.4031720973828987,1.5208747514910526
2024-10-03,2.8419358370966057,1.4006067931230137,1.5197387105935802
2024-10-04,2.8842975412934915,1.4133346488739817,1.5378206948783477
2024-10-07,2.8256702909106353,1.400557460348785,1.5213481018649992
2024-10-08,2.8571868631008197,1.413803310229153,1.5440689198144455
2024-10-09,2.815977378275739,1.4235958659135217,1.5562182460790799
2024-10-10,2.8244836894928906,1.4211045608149795,1.5544510713496784
2024-10-11,2.902708301217792,1.429614464369406,1.5568809366026055
2024-10-14,2.92503744985375,1.4413063318615744,1.5699454069235368
2024-10-15,2.9311638722200555,1.4301077921116914,1.5489602070118955
2024-10-16,3.0155900094383856,1.4363237216644897,1.5491495471614742
2024-10-17,2.9793768603513895,1.4364470536000613,1.5502224746757534
2024-10-18,3.037502243205385,1.4419723243136597,1.5603837293698115
2024-10-21,3.0884234510097937,1.4396043511506889,1.5633816150714746
2024-10-22,3.080473435289775,1.4388396931501461,1.565085676417683
2024-10-23,3.0489639772047057,1.425692508818235,1.541102590804379
2024-10-24,3.071694799299573,1.42877580720752,1.5535990406765743
2024-10-25,3.078363706634409,1.4282824794652345,1.56306604815551
2024-10-28,3.1871782997641946,1.4326977627586908,1.5633185016882818
2024-10-29,3.182354493773567,1.4350164031474328,1.5783394868881937
2024-10-30,3.1308559250213372,1.4306751190153197,1.5664110574647343
2024-10-31,3.0483523866892357,1.402629436866384,1.5268705228943786
2024-11-01,3.0265871372849804,1.4085493697738112,1.5381678184859087
2024-11-04,3.0066875779769107,1.4055154041587548,1.5336867682792124
2024-11-05,3.0572694806410112,1.4225105448804936,1.5532519170690133
2024-11-06,3.1771245662148786,1.4578821440023702,1.5954432137334709
2024-11-07,3.3215477564588025,1.4691546829135957,1.6205623402442473
2024-11-08,3.364313642286248,1.47551861078908,1.6224557417400345
2024-11-11,3.4493718073858135,1.476924594854594,1.6215090409921409
2024-11-12,3.4078703924998988,1.472336646851338,1.6185742686736706
2024-11-13,3.386193369049782,1.4730519720776523,1.616491527028305
2024-11-14,3.3449192615796655,1.463580079425769,1.6052573448199676
2024-11-15,3.3153531543573154,1.4448336252189165,1.5670106346050667
2024-11-18,3.3310476752192844,1.4507535581263433,1.577897693205843
2024-11-19,3.4168957655893437,1.4560568313559132,1.5887531951150229
2024-11-20,3.4073631488099605,1.4565501590981988,1.5878380510587258
2024-11-21,3.4356643197812606,1.4643694038134254,1.5935498122376839
2024-11-22,3.6131485771148695,1.4689080190424528,1.5961059042569965
2024-11-25,3.7009338405713468,1.473890629239537,1.5986304395847124
2024-11-26,3.6245149045533513,1.481586542019192,1.6072138596989478
2024-11-27,3.653592939416412,1.4770972595643932,1.59455962636877
2024-11-29,3.7662702033199404,1.4862731555709048,1.6085707974375951
2024-12-02,3.703303449469208,1.488937125379247,1.6260847612736264
2024-12-03,3.722312166776541,1.4896277842184467,1.6310707185458664
2024-12-04,3.785630007783217,1.4988776793863012,1.651235444476
2024-12-05,3.8006009044460853,1.4964110406748732,1.6466597241945142
2024-12-06,3.9894460878779654,1.4992476751930153,1.661396699170058
2024-12-09,3.864172992752966,1.491527096026246,1.6484584556155122
2024-12-10,3.8819153734532486,1.4868898152487613,1.6428413645113438
2024-12-11,3.9733263507201646,1.4983843516440156,1.6722522010792378
2024-12-12,3.8783143459456415,1.4906637724772462,1.661459812553251
2024-12-13,3.921821716066095,1.490367775831875,1.6741771592666215
2024-12-16,4.133587943225264,1.4967317037073589,1.6982864716463115
2024-12-17,4.213466863951378,1.4905651069287889,1.6908075357379522
2024-12-18,3.978880642772745,1.4461409437359718,1.6298084508820088
2024-12-19,3.8707924562979072,1.445696948767915,1.6225504118148242
2024-12-20,3.976938797419734,1.458153474260626,1.6367193663416315
2024-12-23,4.042551632914275,1.466885375299081,1.6500047335037382
2024-12-24,4.121012015886469,1.4831898571816193,1.6723784278456233
2024-12-26,4.266097066705789,1.4832885227300767,1.671242386948151
2024-12-27,4.194848554311705,1.4676746996867376,1.649026476064248
2024-12-30,4.128023810768478,1.4509262228361421,1.6270945754047133
2024-12-31,4.0401776120812505,1.4456476159936864,1.6132727444854669
2025-01-02,4.201266344345569,1.44209565624923,1.6101170753258216
2025-01-03,4.291193415954617,1.4601267852297684,1.6364669128088598
2025-01-06,4.352509586745566,1.4685380232357375,1.6552747010003455
2025-01-07,4.2272861330320035,1.4519375447078273,1.6257376376660653
2025-01-08,4.024432329973953,1.4540588539996553,1.6260216478904332
2025-01-10,3.925274679576416,1.4318591055968037,1.6005238410804994
2025-01-13,3.731057421117012,1.4340790804370886,1.5953801003502777
2025-01-14,3.8732513152461854,1.436052391406231,1.593865379153648
2025-01-15,4.096611406762826,1.4621740953602527,1.6305342547887265
2025-01-16,4.102032105997873,1.4593621272292248,1.6191107324308105
2025-01-17,4.115075726362434,1.4740139611751066,1.6464388273533388
2025-01-21,4.413750541364963,1.4875064749266171,1.6560951749818533
2025-01-22,4.440258841643232,1.495868380158358,1.6772697150430735
2025-01-23,4.425562107299717,1.5040329542931845,1.6808356211934725
2025-01-24,4.427732664196347,1.4996423373868428,1.67133705702294
2025-01-27,4.150682962337933,1.4784292444685625,1.6226766385812097
2025-01-28,4.2516219440044525,1.4911324338324166,1.6466597241945136
2025-01-29,4.245255192341146,1.4844478429244468,1.6435671684180615
2025-01-30,4.328198733681629,1.492415085962359,1.6505727539524737
2025-01-31,4.363947947596199,1.4844725093115614,1.6481744453911433
2025-02-03,4.359753839826961,1.474482622530278,1.634983748303826
2025-02-04,4.52005176642923,1.484373843763104,1.6550538041591702
2025-02-05,4.541567918527746,1.4903924422189883,1.6625642967591263
2025-02-06,4.56696962121852,1.4955723835129868,1.671242386948151
2025-02-07,4.527103455644178,1.4818825386645615,1.6501625169617202
2025-02-10,4.605870752267078,1.4919464246071876,1.670137902742275
2025-02-11,4.49468845486823,1.4930810784144442,1.6661617596011218
2025-02-12,4.542417415152875,1.4882711329271598,1.6671400170406117
2025-02-13,4.695566037460006,1.5039836215189557,1.6911231026539157
2025-02-14,4.7327115729331,1.503909622357613,1.6982233582631177
2025-02-18,4.687338151458944,1.508324905651069,1.7020732746378848
2025-02-19,4.672472089616442,1.511876865395525,1.7025466250118317
2025-02-20,4.6801294487431,1.5055869366813839,1.695320142636244
2025-02-21,4.517808096619646,1.4798352285340763,1.6601344315061992
2025-02-24,4.413430563844676,1.4731013048518782,1.6405377260248017
2025-02-25,4.303337729106499,1.4657753878789372,1.6198680930291252
2025-02-26,4.369168358708356,1.4665153794923653,1.623781122787085
2025-02-27,4.2081064716489465,1.4431069781209143,1.578686610495754
2025-02-28,4.233049986130864,1.4656273895562513,1.603616396856952
2025-03-03,4.104640511048244,1.4399496805702865,1.5685253558016963
2025-03-04,4.181219827458934,1.4229052070743196,1.5637918520622283
2025-03-05,4.34759320940928,1.4381983670851726,1.5841774748335367
2025-03-06,4.183491110774447,1.4126686564218938,1.540597683738835
2025-03-07,4.226346879424114,1.4205865666855773,1.5519265360219618
2025-03-10,4.016654868005474,1.382748328852273,1.4917794818391223
2025-03-11,4.105045334439859,1.3712537924570187,1.4882135756887231
2025-03-12,4.258619511411194,1.378530376655731,1.505001735618036
2025-03-13,4.725109882578205,1.3601539182555928,1.4779260942282793
2025-03-14,5.068825658676981,1.388248933178757,1.5136482691154642
2025-03-17,5.243360832683998,1.3989541451863545,1.523462400201961
2025-03-18,5.268814956047751,1.3838336498853012,1.4974912430180805
2025-03-19,5.302425207133243,1.398904812412126,1.517529742181828
2025-03-20,5.316358153254746,1.3948595249253841,1.512386001451606
2025-03-21,5.407791876091251,1.391134900471128,1.5173719587238454
2025-03-24,5.530288200650262,1.4160479514565503,1.5483606298715624
2025-03-25,5.545656860727927,1.419451912878321,1.557196503518569
2025-03-26,5.392517896937972,1.4025061049308112,1.5285430275489897
2025-03-27,5.283785707945091,1.398781480476555,1.5198333806683686
2025-03-28,5.095874736147413,1.3706124663920478,1.4798194957240662
2025-03-31,5.11879947087456,1.379813028785674,1.4797563823408733
2025-04-01,5.1061886752713646,1.3837103179497303,1.4916848117643324
2025-04-02,5.16317916473449,1.3924668853752995,1.5025718703651085
2025-04-03,4.9911092839687665,1.3238449964233745,1.42213386348575
2025-04-04,4.680588651654147,1.2463432081103085,1.3338066837072782
2025-04-07,4.72167249760746,1.2441232332700234,1.3370254662501164
2025-04-08,4.600552467093496,1.2246367874497428,1.3129477105620229
2025-04-09,5.084030697908377,1.3532473298635956,1.4705418283947091
2025-04-10,5.055872908118377,1.293949335240868,1.4079964656505393
2025-04-11,5.250215845646664,1.3170370735798336,1.4339360661428235
2025-04-14,5.260676748181548,1.3298142621050302,1.4436555271545313
2025-04-15,5.274102976410193,1.326089637650774,1.4452649184259503
2025-04-16,5.128940256781037,1.29661330504921,1.4016851273312487
2025-04-17,5.207725557705326,1.298463284082781,1.4014326737984772
2025-04-21,5.122597755567666,1.267556301028589,1.3667518697339753
2025-04-22,5.241811991142074,1.3005352606003806,1.4026318280791426
2025-04-23,5.468764786915043,1.3206876988727467,1.4344409732083672
2025-04-24,5.5974939202432274,1.34848671715054,1.4748019817602307
2025-04-25,5.51468150696896,1.35822994006068,1.4912430180819825
2025-04-28,5.650340456843121,1.35874793419008,1.4907696677080358
2025-04-29,5.590163159255495,1.367307170518735,1.5006153554861288
2025-04-30,6.051035049388542,1.3678498310352487,1.5004260153365503
2025-05-01,6.206411478923687,1.3775437211711608,1.5200227208179475
2025-05-02,6.387287822048175,1.3979921560888984,1.5425857553094113
2025-05-05,6.612917815347055,1.3899755802767577,1.53343431474644
2025-05-06,6.93872698836987,1.378357711945932,1.5191706901448432
2025-05-07,7.11301965558485,1.3841543129177878,1.5251349048565728
2025-05-08,7.573747221069819,1.3937988702794708,1.5408816939632028
2025-05-09,8.122046431075809,1.392022890407243,1.5398718798321165
2025-05-12,8.447619994337881,1.4380257023753737,1.602606582725865
2025-05-13,8.247695159416818,1.4475222614143715,1.6270314620215196
2025-05-14,8.456623623871192,1.4493722404479423,1.6367824797248232
2025-05-15,8.598104228161962,1.4564514935497406,1.6385812111458211
2025-05-16,8.652093461630974,1.4656767223304812,1.6457130234466193
2025-05-19,8.601644349925046,1.4672800374929094,1.6472908580264418
2025-05-20,8.927286984778693,1.4623467600700535,1.641799993688659
2025-05-21,8.690287458189344,1.4377050393428883,1.6189845056644234
2025-05-22,8.945363753023122,1.4382723662465169,1.6220139480576832
2025-05-23,9.20256209490915,1.4284551441750337,1.6069929628577715
2025-05-27,9.405013753856402,1.4581534742606261,1.6447978793903222
2025-05-28,9.405433335077308,1.4497175698675426,1.6375082836315413
2025-05-29,9.59648744766245,1.4554401716780554,1.6407270661743794
2025-05-30,9.526904563618297,1.453812190128513,1.6381394174634702
2025-06-02,9.517773015689983,1.4620014306504538,1.6510776610180162
2025-06-03,9.532445193795535,1.4703386694950804,1.6639843478809653
2025-06-04,9.638495940601867,1.4699440073012517,1.668623181545644
2025-06-05,9.435655017537451,1.4628400878123393,1.6560636182902557
2025-06-06,9.76658312771877,1.4778619175649355,1.672252201079236
2025-06-09,9.678268410604497,1.4791939024691065,1.6747136230237596
2025-06-10,9.62012183977013,1.4875804740879617,1.6857900217741146
2025-06-11,9.694395683366132,1.4833378555043055,1.6801098172867528
2025-06-12,9.705128546215077,1.4892331220246182,1.6840544037363097
2025-06-13,9.509458138057886,1.4725833107224797,1.6629114203666864
2025-06-16,12.225018939777664,1.4865938186033902,1.6860424753068861
2025-06-17,12.46136835033417,1.4738906292395364,1.6696014389851344
2025-06-18,12.350325851666526,1.473668631755508,1.6693174287607662
2025-06-20,11.785584105278645,1.4658740534273955,1.6625011833759324
2025-06-23,11.419537682824256,1.4803532226634775,1.6777115087254224
2025-06-24,11.661749841913906,1.4967070373202445,1.703367098993339
2025-06-25,11.443015425193758,1.49754569448213,1.7077219224336495
2025-06-26,11.529520493641126,1.5092622283614126,1.7236896083814548
2025-06-27,11.122055641611151,1.5167608100441534,1.7295907097099916
2025-06-30,11.356673378141043,1.5240127278557516,1.7407933352267322
2025-07-01,11.113547308921962,1.523519400113466,1.7261194736343817
2025-07-02,10.921938429164733,1.5304259885054643,1.7381425731326299
2025-07-03,12.39237792950622,1.5424878518043468,1.7552462999779077
2025-07-07,12.260602438137225,1.5309933154090924,1.7420240461989938
2025-07-08,12.24446488895139,1.5301546582472072,1.743002303638484
2025-07-09,12.221534436164486,1.5393305542537188,1.7553409700526972
2025-07-10,11.919042437722222,1.5436718383858323,1.752816434724981
2025-07-11,11.61107439706075,1.5382452332206908,1.7488718482754244
2025-07-14,11.80341876176679,1.5411805332872899,1.7552147432863117
2025-07-15,11.83395615202939,1.5345946079277772,1.7568241345577307
2025-07-16,12.134122624740915,1.5397252164475477,1.7586228659787284
2025-07-17,12.414610909881754,1.5491477763252024,1.7728549338887287
2025-07-18,12.308575267552204,1.5480131225179457,1.7711508725425205
2025-07-21,12.130799463848124,1.5509484225845447,1.7803338697970883
2025-07-22,11.872866327700688,1.5511704200685732,1.7711193158509242
2025-07-23,12.381227214169233,1.5643669371747129,1.7791978288996158
2025-07-24,12.342361697738225,1.5648849313041124,1.7829846318911904
2025-07-25,12.264567715603713,1.5714955230507395,1.7872763419483082
2025-07-28,11.998078704729362,1.571100860856911,1.7928618763608801
2025-07-29,11.91050006872731,1.5669569078217118,1.7900848875003923
2025-07-30,11.965909567779795,1.5649835968525696,1.7924831960617227
2025-07-31,11.828850088562694,1.559112996719371,1.7829846318911904
2025-08-01,11.640506885308607,1.5335586196689777,1.747862034144338
2025-08-04,11.993881496797055,1.5568683554919713,1.780112972955913
2025-08-05,12.06546333373622,1.548975111615402,1.7680267600744715
2025-08-06,11.984415773316089,1.5608396438173702,1.790274227649971
2025-08-07,12.104891452075485,1.5595323253003133,1.7963331124364899
2025-08-08,12.230786535223485,1.5716928541476531,1.813089715674206
2025-08-11,12.247205399369609,1.568584889371254,1.8077250781028091
2025-08-12,12.418082420601419,1.5852840334476215,1.8304458960522552
2025-08-13,12.441771006923103,1.590710638612763,1.8313610401085525
2025-08-14,12.324858381468463,1.5908586369354487,1.829940988986712
2025-08-15,12.29925472247157,1.5871340124811926,1.8218940326296167
2025-08-18,12.39844825503551,1.5867886830615925,1.8211682287228983
2025-08-19,11.8232309102493,1.578180113958709,1.7964593392028754
2025-08-20,11.79971456313546,1.5739868281492817,1.7857931774432743
2025-08-21,11.792685209834797,1.567672233048026,1.7775253242450035
2025-08-22,12.12143484821975,1.5917466268715628,1.8049480892423213
2025-08-25,12.091897580714102,1.5847413729311077,1.7997412351289066
2025-08-26,12.393243608541013,1.591376631064849,1.8069677175044943
2025-08-27,12.40371282030475,1.595002589970648,1.809744706364982
2025-08-28,12.75593495141926,1.6006511926198177,1.8210735586481088
2025-08-29,12.522851206640457,1.5911053008065916,1.799993688661678
2025-09-02,12.441264978224268,1.5793147677659662,1.7849095900785736
2025-09-03,12.361944724547389,1.5878740040946213,1.7989523178389952
2025-09-04,12.18864380826952,1.6011445203621038,1.815235570702765
2025-09-05,12.372833389316785,1.5965072395846192,1.8178547761052704
2025-09-08,12.570104041379773,1.6004291951357896,1.8267222064438737
2025-09-09,12.682757696911255,1.6041291532029314,1.8318975038656917
2025-09-10,12.747630868062453,1.608766433980416,1.8324970810060246
2025-09-11,12.983033536028618,1.6221356157963551,1.8431632427656257
2025-09-12,13.453528837562317,1.621592955279841,1.8513048691975102
2025-09-15,13.635772028936168,1.6302261907698388,1.8671463283789296
2025-09-16,13.677090040032985,1.6279815495424395,1.865568493799107
2025-09-17,13.97939519627741,1.6259589057990684,1.8618448041907256
2025-09-18,14.217862481211553,1.6335561530302665,1.8786329641200388
2025-09-19,14.759792861839799,1.637108112774723,1.8913503108334093
2025-09-22,15.02655600416129,1.6448533583286065,1.9003439679383984
2025-09-23,15.20482309097904,1.635899459806123,1.8877212912998171
2025-09-24,14.85725955104668,1.63069485212501,1.881094386064562
2025-09-25,14.580281391746752,1.6231716040551545,1.8729843163242734
2025-09-26,14.462362904118894,1.632470831997238,1.880684149073808
2025-09-29,14.781926335362561,1.6370587800004939,1.8893937959544291
2025-09-30,14.746926365693007,1.6432253767790637,1.8945690933762471
2025-10-01,14.911895026167368,1.6488246466540055,1.9036574205560257
2025-10-02,15.399883672398477,1.650723958461805,1.9114834800719462
2025-10-03,15.97065043158868,1.6506992920746906,1.9034365237148505
2025-10-06,16.269118829337927,1.6566192249821177,1.9177317050080442
2025-10-07,16.46542764815689,1.650477294590662,1.907633563697179
2025-10-08,16.593460128030582,1.6603191830492594,1.9295023509735212
2025-10-09,16.71247050501696,1.6555092375619749,1.9271671557953838
2025-10-10,15.966321393391821,1.6107644113366721,1.8602669696109033
2025-10-13,17.390423375978223,1.6354801312251799,1.8997443907980662
2025-10-14,17.502777818555284,1.6334821538689235,1.8870901574678884
2025-10-15,17.891674974093526,1.6407340716805217,1.9004070813215916
2025-10-16,17.27158695373364,1.6295601983177532,1.8933699390955825
2025-10-17,17.186755613833615,1.6388100934856082,1.9058032755845848
2025-10-20,17.2218735299854,1.6558545669815752,1.9298179178894856
2025-10-21,16.641923693728604,1.655829900594461,1.9293130108239425
2025-10-22,15.966804900544446,1.6472213314915776,1.9107261194736318
2025-10-23,16.57947986958704,1.6569892207888324,1.9267884754962263
2025-10-24,17.043101746054095,1.6705310673145717,1.9473634384171135
2025-10-27,17.39977706789417,1.690239510618881,1.9820442424816151
2025-10-28,17.1019523229572,1.6947287930736799,1.9972861245227018
2025-10-29,17.57628449871659,1.695542783848451,2.0062797816276907
2025-10-30,17.50386216826997,1.6768949951900558,1.9756066773959384
2025-10-31,17.90785538406849,1.68239559951654,1.9851367982580674
2025-11-03,17.368471124759072,1.6855528970671678,1.9946353624286
2025-11-04,16.60296331859799,1.6655731235046014,1.9541481271103507
2025-11-05,17.0446486176666,1.6713450580893427,1.9668654738237212
2025-11-06,16.399793283582706,1.6534125946572615,1.9302281548802391
2025-11-07,16.509785412929617,1.6550405762068041,1.9241377134021238
2025-11-10,16.87292715572095,1.6808662835154546,1.9667076903657388
2025-11-11,16.830393837828233,1.6847142399052821,1.9614692795607276
2025-11-12,16.838833084519056,1.685651562615625,1.9599230016725013
2025-11-13,16.003892182439046,1.657679879628032,1.9199091167281988
2025-11-14,15.89138557426388,1.657408549369775,1.9213607245416355
2025-11-17,15.77623969290328,1.6419673910362362,1.9049512449114798
2025-11-18,15.791316697411233,1.6281788806393542,1.8817570765880867
2025-11-19,15.83976109359493,1.6344688093534951,1.892991258796424
2025-11-20,15.205097287663671,1.6095557583680729,1.8481807567294606
2025-11-21,15.084967280355876,1.6255889099923544,1.8620657010319002
2025-11-24,15.408811928773668,1.6495153054932052,1.9096847486509476
2025-11-25,15.384705865194663,1.6650304629880868,1.9214553946164246
2025-11-26,15.895574633115748,1.6765249993833409,1.9384328946953164
2025-11-28,16.09666224108235,1.6856762290027385,1.95414812711035
2025-12-01,16.003222059326326,1.6779803162230833,1.9475843352582876
2025-12-02,16.1759909686279,1.6810882809994825,1.9628262172993747
2025-12-03,16.361387280870318,1.6869095483584526,1.9676228344220354
2025-12-04,17.134081499650875,1.6881428677141666,1.9657925463094414
2025-12-05,16.67015182059314,1.6913494980390231,1.9738079459749402
2025-12-08,16.884295936803724,1.6862682222934815,1.9700211429833658
2025-12-09,16.87488719507037,1.6848129054537389,1.9724510082362925
2025-12-10,16.76976537489153,1.6959867788165075,1.9805295212849847
2025-12-11,16.914909958583777,1.6999334007547922,1.974123512890905
2025-12-12,16.27276439341842,1.6816556079031113,1.936381709741547
2025-12-15,16.177182215492422,1.6791149700303405,1.9266622487298395
2025-12-16,15.899300957278774,1.6745270220270845,1.9304806084130104
2025-12-17,15.415844456856084,1.6561012308527179,1.8946953201426326
2025-12-18,15.951124060819112,1.6686070891196574,1.9221496418315467
2025-12-19,16.514645114243162,1.6787696406107404,1.9472056549591303
2025-12-22,16.834577622823385,1.689228188747195,1.9540219003439645
2025-12-23,17.149838145008683,1.6969487679139645,1.9631733409069358
2025-12-24,17.18029958016385,1.7029180335956202,1.96891665877749
2025-12-26,16.881579315878763,1.7027453688858203,1.9687904320111043
2025-12-29,16.744573967258532,1.6966774376557077,1.9592603111489755
2025-12-30,16.717864495602594,1.6946054611381083,1.9547161475590862
2025-12-31,16.548340436681194,1.68205027009694,1.9385591214617022
2026-01-02,16.920629869976274,1.6851335684862248,1.9348038751617245
2026-01-05,17.969652535278254,1.6963567746232218,1.9501719839691969
2026-01-06,18.85564127089915,1.7064453269529618,1.9673072675060705
2026-01-07,19.987886275248023,1.7009447226264778,1.9692006690018578
2026-01-08,19.707716078888616,1.7007720579166776,1.9579980434851172
2026-01-09,20.161711550304734,1.7120199304407893,1.977500078891725
2026-01-12,20.202889374465368,1.7147085666362454,1.9791410268547405
2026-01-13,19.67949591195258,1.7112799388273605,1.9762062545362704
2026-01-14,19.80764489279085,1.7028687008213914,1.9550948278582432
2026-01-15,19.63583477470409,1.707505981598876,1.962131970084252
2026-01-16,19.462789413414114,1.7060753311462478,1.9604910221212366
2026-01-20,19.602828527792553,1.6713450580893425,1.9188361892139185
2026-01-21,19.749443377766507,1.6906341728127088,1.9447757897062032
2026-01-22,20.66671069519137,1.699464739399621,1.9589131875414143
2026-01-23,20.696889828836976,1.7000813990774777,1.965098299094319
2026-01-26,20.37017989087913,1.7087146345674753,1.9737448325917475
2026-01-27,21.222005985771112,1.7155225574110167,1.9916374767269363
2026-01-28,21.406773924803133,1.7153498927012165,1.998232825270595
2026-01-29,20.820501845902637,1.711945931279446,1.986272839155539
2026-01-30,20.13867141658432,1.7068399891467902,1.9624159803086207
2026-02-02,20.55592038841991,1.7153252263141021,1.975890687620306
2026-02-03,20.969006786666103,1.700821390690906,1.9455331503045181
2026-02-04,20.12934463321556,1.6925828173947368,1.9115465934551383
2026-02-05,19.492743272763615,1.6714437236377993,1.8840291583830313
2026-02-06,20.38886228416883,1.7035100268863625,1.923853703177755
2026-02-09,21.143888502349817,1.7117239337954178,1.9385906781532987
2026-02-10,20.821800124068787,1.7072099849535045,1.9295970210483095
2026-02-11,21.278069992280475,1.706815322759676,1.934772318470128
2026-02-12,21.100990790516367,1.6804469549345113,1.895421124049351
2026-02-13,21.118326973166813,1.681630941515997,1.899460380573697
2026-02-17,21.069659948845157,1.6843442440985679,1.8975038656947167
2026-02-18,21.229410846701285,1.6928294812658797,1.9116728202215243
2026-02-19,21.650395088589413,1.6883648651981953,1.9043516677711474
2026-02-20,21.37933711147837,1.7005747268197635,1.921202941083653
2026-02-23,21.087252116302835,1.683209590291311,1.897850989302278
2026-02-24,21.30331757620421,1.6954441182999935,1.9182366120735865
2026-02-25,21.387110281151543,1.7097506228262755,1.9460380573700613
2026-02-26,21.35917994831407,1.7002540637872778,1.9225598788223004
2026-02-27,21.190686325700906,1.6920894896524514,1.9164063239609919
2026-03-02,21.447586472878125,1.6930514787499085,1.9189308592887084
2026-03-03,20.27420587913763,1.6781283145457697,1.8983874530594176
2026-03-04,20.89834448537218,1.6899681803606237,1.927324939253365
2026-03-05,20.213739716920195,1.680545620482969,1.9215185079996175
2026-03-06,19.311594355316938,1.6585185367899176,1.8926125784972667
2026-03-09,20.35890815113622,1.6730470388002279,1.9178894884660256
2026-03-10,20.593663406120505,1.6703584026047713,1.917921045157622
2026-03-11,20.848055634792466,1.6682617597000577,1.9176685916248508
2026-03-12,20.300440634213462,1.6429293801336926,1.8847549622897501
2026-03-13,20.40799902392536,1.6336301521916095,1.8735838934646059
2026-03-16,20.702240865684395,1.6502552971066335,1.8946006500678434
2026-03-17,20.80555623221268,1.6545965812387469,1.903846760705604
2026-03-18,20.99783031855462,1.6315088428997813,1.8773075830729873
2026-03-19,21.683794156267478,1.6274882218001536,1.8713749250528542
2026-03-20,20.963426590954064,1.599787869070818,1.8367887910631415
2026-03-23,21.298351852267718,1.616585678695642,1.8555334658714346
2026-03-24,21.141035307898548,1.6111590735305004,1.8428476758496608
2026-03-25,21.5511061092345,1.6201376384400983,1.8549654454226991
2026-03-26,20.721892731657952,1.5912039663550486,1.8106914071128752
2026-03-27,20.64459649885965,1.5640709405293411,1.7753163558332519
2026-03-30,19.92152046401106,1.5588416664611138,1.761746978446777
2026-03-31,20.844656251987406,1.604153819590045,1.8213891255640733
2026-04-01,21.722099346780183,1.6162403492760418,1.8438890466723443
2026-04-02,22.232330537701003,1.6176956661157842,1.8460033450093067
2026-04-06,21.948182819423817,1.6253422461212104,1.8571113004512583
2026-04-07,21.763633727193767,1.6260575713475245,1.8573953106756267
2026-04-08,22.667955775287993,1.6674724353123995,1.9126195209694197
2026-04-09,23.148885000647034,1.6770923262869684,1.9255577645239654
2026-04-10,23.641200195292523,1.675982338866826,1.9283347533844533
2026-04-13,24.19664586616788,1.6923608199107074,1.9482785824734112
2026-04-14,24.3973665113943,1.7129819195382452,1.9836536337530353
2026-04-15,24.233616784168706,1.7264990996768703,2.011423522357914
2026-04-16,24.965356786248176,1.7307417182605263,2.0211114266780252
2026-04-17,24.86941570526831,1.751658814533435,2.0475559342358527
2026-04-20,24.964512103521812,1.7481561875632075,2.041055255766983
2026-04-21,24.769264686872315,1.7367109839421817,2.033292309634256
2026-04-22,25.004005833955034,1.754298117954663,2.0673104231752317
2026-04-23,24.494068085063457,1.747490195111122,2.0556660039761403
2026-04-24,24.806297007275685,1.7610320416368612,2.0949856417053208
2026-04-27,24.74015728651188,1.7640660072519172,2.096090125911197
2026-04-28,24.11570989665615,1.7554821045361482,2.075010255924766
2026-04-29,24.628256460150602,1.755210774277891,2.0876960459465406
2026-04-30,25.5401740048059,1.7726745763548006,2.107166524661552
2026-05-01,26.168004814853123,1.7775831873905423,2.127394363974878
2026-05-04,26.114794492343414,1.7710712611923727,2.1233866641421284
2026-05-05,26.609532705104243,1.7852791001701975,2.150935655905832
2026-05-06,26.60111290830448,1.8100934856071627,2.195619931206409
2026-05-07,25.890616847483514,1.8045435485064498,2.1930007258039037
2026-05-08,26.581937131893092,1.8194420463234744,2.2444065764145256
2026-05-11,27.624650663661384,1.8235859993586732,2.2509072548833946
2026-05-12,27.032768177575957,1.8208233640018738,2.2318154564675408
2026-05-13,27.245983293546637,1.831010581880071,2.2553883050900914
2026-05-14,27.255376685024558,1.8454650847290386,2.2714191044210894
2026-05-15,26.640103363608056,1.823265336326187,2.2371485373473416
